t_s,rtt_ms,bytesIn,bytesOut
0.000,0,0,0
0.275,0,0,0
0.512,0,0,0
0.727,0,0,0
0.936,0,0,0
1.140,0,840,272
1.344,0,0,0
1.545,0,0,0
1.746,0,0,0
1.947,33,0,0
2.152,33,20,158
2.353,33,0,0
2.556,33,0,0
2.760,33,0,0
2.964,29,0,0
3.164,29,20,158
3.367,29,0,0
3.567,29,0,0
3.768,29,0,0
3.974,25,0,0
4.177,25,20,158
4.382,25,0,0
4.587,25,0,0
4.788,25,0,0
4.989,25,0,0
5.191,25,20,158
5.394,25,0,0
5.598,25,0,0
5.801,25,0,0
6.003,25,0,0
6.206,27,20,158
6.410,27,0,0
6.612,27,0,0
6.813,27,0,0
7.016,27,0,0
7.216,23,20,158
7.420,23,0,0
7.621,23,0,0
7.824,23,0,0
8.029,23,0,0
8.229,23,20,158
8.431,23,0,0
8.636,23,0,0
8.841,23,0,0
9.042,23,0,0
9.247,23,20,158
9.451,23,0,0
9.653,23,0,0
9.859,23,0,0
10.060,20,0,0
10.262,20,20,158
10.463,20,0,0
10.664,20,0,0
10.867,20,0,0
11.072,20,10,158
11.272,17,0,0
11.475,17,0,0
11.676,17,0,0
11.879,17,0,0
12.083,17,20,148
12.288,18,0,0
12.492,18,0,0
12.693,18,0,0
12.893,18,0,0
13.098,18,20,158
13.299,17,0,0
13.503,17,0,0
13.708,17,0,0
13.909,17,0,0
14.109,17,20,158
14.311,20,0,0
14.512,20,0,0
14.715,20,0,0
14.919,20,0,0
15.124,20,20,158
15.325,25,0,0
15.528,25,0,0
15.730,25,0,0
15.930,25,0,0
16.131,25,20,158
16.335,28,0,0
16.540,28,0,0
16.741,28,0,0
16.941,28,0,0
17.144,28,20,158
17.346,32,0,0
17.547,32,0,0
17.748,32,0,0
17.948,32,0,0
18.151,32,20,158
18.352,32,0,0
18.555,32,0,0
18.759,32,0,0
18.961,32,0,0
19.164,32,20,158
19.364,28,0,0
19.569,28,0,0
19.773,28,0,0
19.977,28,0,0
20.182,28,20,158
20.383,27,0,0
20.583,27,0,0
20.784,27,0,0
20.990,27,0,0
21.192,27,20,158
21.395,22,0,0
21.598,22,0,0
21.800,22,0,0
22.001,22,0,0
22.202,22,20,158
22.403,15,0,0
22.607,15,0,0
22.809,15,0,0
23.011,15,0,0
23.215,15,20,158
23.416,18,0,0
23.619,18,0,0
23.821,18,0,0
24.024,18,0,0
24.229,18,20,158
24.435,20,0,0
24.635,20,0,0
24.836,20,0,0
25.039,20,0,0
25.241,20,20,158
25.444,20,0,0
25.644,20,0,0
25.846,20,0,0
26.047,20,0,0
26.249,20,20,158
26.450,22,0,0
26.654,22,0,0
26.855,22,0,0
27.058,22,0,0
27.260,22,20,158
27.461,28,0,0
27.666,28,0,0
27.868,28,0,0
28.073,28,0,0
28.276,28,20,158
28.477,25,0,0
28.681,25,0,0
28.882,25,0,0
29.084,25,0,0
29.285,25,20,158
29.487,23,0,0
29.689,23,0,0
29.891,23,0,0
30.095,23,0,0
30.298,23,20,158
30.499,22,0,0
30.703,22,0,0
30.907,22,0,0
31.112,22,0,0
31.315,22,20,158
31.519,23,0,0
31.721,23,0,0
31.924,23,0,0
32.124,23,0,0
32.326,23,20,158
32.527,22,0,0
32.732,22,0,0
32.936,22,0,0
33.136,22,0,0
33.340,22,20,158
33.541,23,0,0
33.745,23,0,0
33.947,23,0,0
34.150,23,0,0
34.355,23,20,158
34.556,23,0,0
34.760,23,0,0
34.961,23,0,0
35.162,23,0,0
35.363,23,20,158
35.569,23,0,0
35.771,23,0,0
35.975,23,0,0
36.179,23,0,0
36.383,23,20,158
36.585,25,0,0
36.787,25,0,0
36.992,25,0,0
37.196,25,20,158
37.396,25,0,0
37.602,23,0,0
37.806,23,0,0
38.009,23,0,0
38.212,23,20,158
38.416,23,0,0
38.645,20,0,0
38.849,20,0,0
39.050,20,0,0
39.255,20,20,158
39.455,20,0,0
39.659,20,0,0
39.862,20,0,0
40.068,20,0,0
40.271,20,20,158
40.471,20,0,0
40.674,20,0,0
40.878,18,0,0
41.078,18,0,0
41.278,18,20,158
41.484,18,0,0
41.687,18,0,0
41.887,15,0,0
42.092,15,0,0
42.295,15,20,158
42.500,15,0,0
42.702,15,0,0
42.904,18,0,0
43.105,18,0,0
43.309,18,20,158
43.510,18,0,0
43.711,18,0,0
43.913,22,0,0
44.113,22,0,0
44.316,22,20,158
44.519,22,0,0
44.722,22,0,0
44.927,27,0,0
45.131,27,0,0
45.334,27,20,158
45.538,27,0,0
45.740,27,0,0
45.944,30,0,0
46.145,30,0,0
46.347,30,20,158
46.548,30,0,0
46.750,30,0,0
46.952,30,0,0
47.155,30,0,0
47.358,30,20,158
47.561,30,0,0
47.761,30,0,0
47.964,30,0,0
48.164,30,0,0
48.366,30,20,158
48.566,30,0,0
48.770,30,0,0
48.974,28,0,0
49.177,28,0,0
49.380,28,20,158
49.583,28,0,0
49.784,28,0,0
49.988,23,0,0
50.188,23,0,0
50.392,23,20,158
50.594,23,0,0
50.795,23,0,0
50.995,23,0,0
51.198,23,0,0
51.402,23,20,158
51.606,23,0,0
51.810,23,0,0
52.013,23,0,0
52.216,23,0,0
52.420,23,20,158
52.621,23,0,0
52.822,23,0,0
53.024,18,0,0
53.225,18,0,0
53.428,18,20,158
53.632,18,0,0
53.833,18,0,0
54.037,20,0,0
54.239,20,0,0
54.442,20,20,158
54.644,20,0,0
54.846,20,0,0
55.047,25,0,0
55.251,25,0,0
55.451,25,20,306
55.654,25,0,0
55.859,25,0,0
56.061,23,0,0
56.262,23,0,0
56.465,23,20,10
56.670,23,0,0
56.874,23,0,0
57.074,28,0,0
57.276,28,0,0
57.477,28,20,158
57.680,28,0,0
57.883,28,0,0
58.087,32,0,0
58.288,32,20,158
58.493,32,0,0
58.694,32,0,0
58.895,32,0,0
59.096,30,0,0
59.299,30,20,158
59.502,30,0,0
59.703,30,0,0
59.903,30,0,0
60.107,27,0,0
60.313,27,20,158
60.516,27,0,0
60.718,27,0,0
60.924,27,0,0
61.126,28,0,0
61.332,28,20,158
61.533,28,0,0
61.733,28,0,0
61.936,28,0,0
62.137,23,0,0
62.342,23,20,306
62.546,23,0,0
62.749,23,0,0
62.950,23,0,0
63.156,20,0,0
63.361,20,20,158
63.563,20,0,0
63.764,20,0,0
63.967,20,0,0
64.172,23,0,0
64.377,23,20,158
64.582,23,0,0
64.783,23,0,0
64.984,23,0,0
65.188,23,0,0
65.392,23,20,158
65.596,23,0,0
65.799,23,0,0
65.999,23,0,0
66.202,23,0,0
66.404,23,20,158
66.608,23,0,0
66.813,23,0,0
67.016,23,0,0
67.218,25,0,0
67.423,25,20,158
67.626,25,0,0
67.829,25,0,0
68.033,25,0,0
68.236,28,0,0
68.441,28,20,158
68.647,28,0,0
68.848,28,0,0
69.052,28,0,0
69.256,28,0,0
69.461,28,20,158
69.662,28,0,0
69.867,28,0,0
70.072,28,0,0
70.278,27,0,0
70.479,27,20,158
70.682,27,0,0
70.882,27,0,0
71.085,27,0,0
71.292,27,0,0
71.495,27,20,158
71.699,27,0,0
71.900,27,0,0
72.102,27,0,0
72.309,25,0,0
72.513,25,20,158
72.714,25,0,0
72.916,25,0,0
73.119,25,0,0
73.324,23,0,0
73.524,23,20,158
73.728,23,0,0
73.932,23,0,0
74.137,23,0,0
74.341,22,0,0
74.542,22,20,158
74.747,22,0,0
74.948,22,0,0
75.150,22,0,0
75.353,22,0,0
75.554,22,20,158
75.755,22,0,0
75.959,22,0,0
76.160,22,0,0
76.363,23,0,0
76.564,23,20,158
76.767,23,0,0
76.969,23,0,0
77.172,23,0,0
77.376,23,20,158
77.580,23,0,0
77.785,23,0,0
77.990,23,0,0
78.195,23,0,0
78.397,22,20,158
78.597,22,0,0
78.800,22,0,0
79.000,22,0,0
79.203,22,0,0
79.404,23,20,158
79.609,23,0,0
79.815,23,0,0
80.019,23,0,0
80.220,23,0,0
80.425,28,20,158
80.627,28,0,0
80.828,28,0,0
81.030,28,0,0
81.234,28,0,0
81.436,30,20,158
81.639,30,0,0
81.841,30,0,0
82.042,30,0,0
82.243,30,0,0
82.448,30,20,158
82.650,30,0,0
82.851,30,0,0
83.054,30,0,0
83.256,30,0,0
83.459,35,20,158
83.661,35,0,0
83.862,35,0,0
84.063,35,0,0
84.268,35,0,0
84.472,35,20,158
84.675,35,0,0
84.876,35,0,0
85.078,35,0,0
85.282,35,0,0
85.486,28,20,158
85.691,28,0,0
85.891,28,0,0
86.092,28,0,0
86.294,28,0,0
86.497,22,20,158
86.698,22,0,0
86.898,22,0,0
87.102,22,0,0
87.307,22,0,0
87.511,22,10,158
87.714,22,0,0
87.914,22,0,0
88.116,22,0,0
88.319,22,0,0
88.519,22,20,148
88.723,22,0,0
88.927,22,0,0
89.129,22,0,0
89.333,22,0,0
89.535,22,20,158
89.739,22,0,0
89.942,22,0,0
90.145,22,0,0
90.348,22,0,0
90.549,25,20,158
90.753,25,0,0
90.955,25,0,0
91.156,25,0,0
91.361,25,0,0
91.564,30,20,158
91.768,30,0,0
91.970,30,0,0
92.173,30,0,0
92.378,30,0,0
92.582,32,20,158
92.789,32,0,0
92.989,32,0,0
93.192,32,0,0
93.393,32,0,0
93.597,28,20,158
93.802,28,0,0
94.007,28,0,0
94.212,28,0,0
94.413,28,0,0
94.614,27,20,158
94.819,27,0,0
95.022,27,0,0
95.222,27,0,0
95.427,27,0,0
95.632,28,20,158
95.836,28,0,0
96.039,28,0,0
96.241,28,0,0
96.444,28,0,0
96.647,25,20,158
96.853,25,0,0
97.054,25,0,0
97.260,25,0,0
97.462,25,0,0
97.662,28,20,158
97.862,28,0,0
98.063,28,0,0
98.269,28,0,0
98.470,28,20,158
98.671,28,0,0
98.871,28,0,0
99.074,28,0,0
99.275,28,0,0
99.477,28,20,158
99.678,27,0,0
99.883,27,0,0
100.084,27,0,0
100.288,27,0,0
100.489,27,20,158
100.692,27,0,0
100.893,27,0,0
101.094,27,0,0
101.297,27,0,0
101.499,27,20,158
101.700,27,0,0
101.902,32,0,0
102.108,32,0,0
102.312,32,0,0
102.515,32,20,158
102.718,27,0,0
102.923,27,0,0
103.127,27,0,0
103.328,27,0,0
103.529,27,20,158
103.730,28,0,0
103.933,28,0,0
104.133,28,0,0
104.333,28,0,0
104.536,28,20,158
104.740,28,0,0
104.943,28,0,0
105.143,28,0,0
105.344,28,0,0
105.548,28,20,158
105.753,27,0,0
105.955,27,0,0
106.157,27,0,0
106.360,27,0,0
106.563,27,20,158
106.765,25,0,0
106.968,25,0,0
107.171,25,0,0
107.372,25,0,0
107.577,25,20,158
107.779,28,0,0
107.984,28,0,0
108.185,28,0,0
108.388,28,0,0
108.589,28,20,158
108.792,25,0,0
108.995,25,0,0
109.200,25,0,0
109.402,25,0,0
109.603,25,20,158
109.804,25,0,0
110.006,25,0,0
110.209,25,0,0
110.411,25,0,0
110.611,25,20,158
110.815,27,0,0
111.019,27,0,0
111.223,27,0,0
111.426,27,0,0
111.627,27,20,158
111.829,25,0,0
112.032,25,0,0
112.233,25,0,0
112.434,25,0,0
112.637,25,20,158
112.838,23,0,0
113.043,23,0,0
113.248,23,0,0
113.450,23,0,0
113.651,23,20,158
113.855,27,0,0
114.059,27,0,0
114.261,27,0,0
114.462,27,0,0
114.663,27,20,158
114.865,28,0,0
115.066,28,0,0
115.266,28,0,0
115.470,28,0,0
115.675,28,20,158
115.875,25,0,0
116.075,25,0,0
116.277,25,0,0
116.479,25,0,0
116.680,25,20,158
116.883,23,0,0
117.084,23,0,0
117.285,23,0,0
117.488,23,0,0
117.690,23,20,158
117.892,25,0,0
118.095,25,0,0
118.299,25,0,0
118.500,25,0,0
118.703,25,20,158
118.904,20,0,0
119.108,20,0,0
119.312,20,0,0
119.513,20,0,0
119.716,20,20,158
119.917,23,0,0
120.120,23,0,0
120.324,23,0,0
120.526,23,0,0
120.731,23,20,158
120.935,25,0,0
121.138,25,0,0
121.340,25,0,0
121.544,25,0,0
121.749,25,20,158
121.953,27,0,0
122.155,27,0,0
122.359,27,0,0
122.561,27,0,0
122.762,27,20,158
122.964,23,0,0
123.166,23,0,0
123.369,23,0,0
123.572,23,0,0
123.772,23,20,158
123.972,25,0,0
124.175,25,0,0
124.380,25,0,0
124.585,25,0,0
124.788,25,20,158
124.988,22,0,0
125.191,22,0,0
125.395,22,0,0
125.598,22,0,0
125.802,22,20,158
126.004,20,0,0
126.206,20,0,0
126.406,20,0,0
126.609,20,20,158
126.809,20,0,0
127.012,20,0,0
127.213,20,0,0
127.414,20,0,0
127.619,20,20,158
127.824,20,0,0
128.026,20,0,0
128.229,20,0,0
128.431,20,0,0
128.636,20,20,158
128.840,20,0,0
129.043,18,0,0
129.244,18,0,0
129.449,18,0,0
129.653,18,20,158
129.855,18,0,0
130.060,18,0,0
130.263,22,0,0
130.468,22,0,0
130.669,22,20,158
130.874,22,0,0
131.076,22,0,0
131.276,25,0,0
131.481,25,0,0
131.682,25,20,158
131.885,25,0,0
132.090,25,0,0
132.294,25,0,0
132.496,25,0,0
132.700,25,20,158
132.904,25,0,0
133.105,25,0,0
133.310,27,0,0
133.515,27,0,0
133.719,27,20,158
133.925,27,0,0
134.127,27,0,0
134.329,32,0,0
134.534,32,0,0
134.736,32,20,158
134.938,32,0,0
135.140,32,0,0
135.343,27,0,0
135.548,27,0,0
135.752,27,20,158
135.953,27,0,0
136.157,27,0,0
136.358,23,0,0
136.561,23,0,0
136.763,23,20,158
136.965,23,0,0
137.169,23,0,0
137.373,23,0,0
137.579,23,0,0
137.783,23,20,158
137.984,23,0,0
138.189,23,0,0
138.390,25,0,0
138.598,25,0,0
138.800,25,20,158
139.004,25,0,0
139.209,25,0,0
139.410,23,0,0
139.611,23,0,0
139.814,23,20,158
140.018,23,0,0
140.223,23,0,0
140.424,23,0,0
140.626,23,0,0
140.826,23,20,158
141.030,23,0,0
141.233,23,0,0
141.436,25,0,0
141.640,25,0,0
141.844,25,20,158
142.044,25,0,0
142.250,25,0,0
142.450,23,0,0
142.653,23,0,0
142.854,23,20,158
143.056,23,0,0
143.257,23,0,0
143.459,25,0,0
143.664,25,0,0
143.866,25,20,158
144.066,25,0,0
144.269,25,0,0
144.473,25,0,0
144.676,25,0,0
144.877,25,20,158
145.081,25,0,0
145.284,25,0,0
145.487,27,0,0
145.690,27,0,0
145.890,27,20,158
146.095,27,0,0
146.297,27,0,0
146.499,27,0,0
146.701,27,0,0
146.902,27,20,158
147.103,27,0,0
147.308,27,0,0
147.512,28,0,0
147.712,28,0,0
147.912,28,20,158
148.114,28,0,0
148.314,28,0,0
148.516,25,0,0
148.718,25,0,0
148.919,25,20,158
149.124,25,0,0
149.328,25,0,0
149.529,25,0,0
149.732,25,0,0
149.934,25,20,158
150.137,25,0,0
150.342,25,0,0
150.547,23,0,0
150.748,23,0,0
150.950,23,20,158
151.155,23,0,0
151.360,23,0,0
151.564,27,0,0
151.769,27,0,0
151.970,27,20,158
152.171,27,0,0
152.372,27,0,0
152.575,27,0,0
152.779,27,0,0
152.983,27,20,158
153.187,27,0,0
153.390,27,0,0
153.594,28,0,0
153.796,28,20,158
153.997,28,0,0
154.202,28,0,0
154.406,28,0,0
154.611,28,0,0
154.815,28,20,158
155.019,28,0,0
155.221,28,0,0
155.427,28,0,0
155.629,28,0,0
155.829,28,20,158
156.033,28,0,0
156.237,28,0,0
156.442,28,0,0
156.642,27,0,0
156.848,27,20,158
157.051,27,0,0
157.254,27,0,0
157.454,27,0,0
157.656,25,0,0
157.860,25,20,158
158.064,25,0,0
158.264,25,0,0
158.467,25,0,0
158.667,27,0,0
158.870,27,20,158
159.073,27,0,0
159.275,27,0,0
159.478,27,0,0
159.679,25,0,0
159.883,25,20,158
160.088,25,0,0
160.292,25,0,0
160.495,25,0,0
160.698,30,0,0
160.899,30,20,158
161.102,30,0,0
161.304,30,0,0
161.509,30,0,0
161.714,30,0,0
161.919,30,20,158
162.120,30,0,0
162.320,30,0,0
162.524,30,0,0
162.726,32,0,0
162.931,32,20,158
163.137,32,0,0
163.341,32,0,0
163.545,32,0,0
163.750,27,0,0
163.950,27,20,158
164.157,27,0,0
164.357,27,0,0
164.560,27,0,0
164.764,27,0,0
164.970,27,20,158
165.171,27,0,0
165.371,27,0,0
165.576,27,0,0
165.780,27,0,0
165.981,23,20,158
166.183,23,0,0
166.387,23,0,0
166.587,23,0,0
166.792,23,0,0
166.994,20,20,158
167.195,20,0,0
167.398,20,0,0
167.598,20,0,0
167.800,20,0,0
168.003,22,10,158
168.204,22,0,0
168.406,22,0,0
168.609,22,0,0
168.814,22,0,0
169.014,23,20,158
169.215,23,0,0
169.417,23,0,0
169.622,23,0,0
169.822,23,0,0
170.022,27,20,158
170.224,27,0,0
170.430,27,0,0
170.633,27,0,0
170.838,27,0,0
171.040,25,20,158
171.244,25,0,0
171.447,25,0,0
171.650,25,0,0
171.852,25,0,0
172.052,28,20,158
172.256,28,0,0
172.459,28,0,0
172.662,28,0,0
172.864,28,0,0
173.065,25,20,158
173.266,25,0,0
173.467,25,0,0
173.670,25,0,0
173.873,25,20,148
174.076,28,0,0
174.279,28,0,0
174.480,28,0,0
174.681,28,0,0
174.885,28,20,158
175.087,25,0,0
175.291,25,0,0
175.492,25,0,0
175.696,25,0,0
175.896,25,20,158
176.099,25,0,0
176.299,25,0,0
176.501,25,0,0
176.704,25,0,0
176.906,25,20,158
177.107,22,0,0
177.309,22,0,0
177.511,22,0,0
177.711,22,0,0
177.913,22,20,158
178.115,22,0,0
178.317,22,0,0
178.518,22,0,0
178.718,22,0,0
178.920,22,20,158
179.121,17,0,0
179.322,17,0,0
179.528,17,0,0
179.732,17,0,0
179.935,17,20,158
180.139,22,0,0
180.343,22,0,0
180.547,22,0,0
180.750,22,0,0
180.951,22,20,158
181.152,27,0,0
181.354,27,0,0
181.555,27,0,0
181.756,27,0,0
181.957,27,20,158
182.158,32,0,0
182.359,32,0,0
182.563,32,0,0
182.767,32,0,0
182.969,32,20,158
183.171,33,0,0
183.377,33,0,0
183.578,33,0,0
183.780,33,0,0
183.982,33,20,158
184.183,35,0,0
184.384,35,0,0
184.587,35,0,0
184.791,35,0,0
184.992,35,20,158
185.194,30,0,0
185.396,30,0,0
185.597,30,0,0
185.800,30,0,0
186.004,30,20,158
186.209,27,0,0
186.413,27,0,0
186.619,27,0,0
186.823,27,0,0
187.028,27,20,158
187.234,23,0,0
187.436,23,0,0
187.637,23,0,0
187.840,23,0,0
188.040,23,20,158
188.242,25,0,0
188.443,25,0,0
188.648,25,0,0
188.850,25,0,0
189.055,25,20,158
189.256,27,0,0
189.456,27,0,0
189.658,27,0,0
189.860,27,0,0
190.065,27,20,158
190.270,27,0,0
190.474,27,0,0
190.676,27,0,0
190.878,27,0,0
191.078,27,20,158
191.280,27,0,0
191.482,27,0,0
191.689,27,0,0
191.891,27,0,0
192.093,27,20,158
192.294,27,0,0
192.497,27,0,0
192.700,27,0,0
192.902,27,0,0
193.107,27,20,158
193.308,23,0,0
193.511,23,0,0
193.716,23,0,0
193.917,23,0,0
194.120,23,20,158
194.320,22,0,0
194.523,22,0,0
194.725,22,0,0
194.928,22,0,0
195.129,22,20,158
195.332,18,0,0
195.535,18,0,0
195.740,18,0,0
195.942,18,0,0
196.143,18,20,158
196.348,17,0,0
196.550,17,0,0
196.754,17,0,0
196.957,17,0,0
197.158,17,20,158
197.361,18,0,0
197.562,18,0,0
197.762,18,0,0
197.962,18,0,0
198.166,18,20,158
198.367,22,0,0
198.567,22,0,0
198.770,22,0,0
198.972,22,20,158
199.172,22,0,0
199.375,22,0,0
199.579,25,0,0
199.783,25,0,0
199.983,25,20,158
200.188,25,0,0
200.388,25,0,0
200.591,25,0,0
200.792,93,0,0
200.997,93,20,158
201.198,93,0,0
201.400,93,0,0
201.604,93,0,0
201.809,93,0,0
202.012,93,10,158
202.212,93,0,0
202.412,93,0,0
202.615,93,0,0
202.817,93,0,0
203.021,95,20,158
203.223,95,0,0
203.426,95,0,0
203.628,95,0,0
203.830,95,0,0
204.030,93,20,158
204.230,93,0,0
204.431,93,0,0
204.631,93,0,0
204.831,93,0,0
205.036,90,20,158
205.237,90,0,0
205.440,90,0,0
205.644,90,0,0
205.847,90,0,0
206.049,88,20,158
206.251,88,0,0
206.455,88,0,0
206.658,88,0,0
206.863,88,0,0
207.065,25,20,158
207.269,25,0,0
207.475,25,0,0
207.678,25,0,0
207.882,25,0,0
208.084,28,20,158
208.288,28,0,0
208.490,28,0,0
208.694,28,0,0
208.896,28,0,0
209.100,27,20,158
209.305,27,0,0
209.507,27,0,0
209.710,27,0,0
209.911,27,0,0
210.113,27,20,158
210.314,27,0,0
210.519,27,0,0
210.723,27,0,0
210.927,27,0,0
211.129,28,10,158
211.331,28,0,0
211.533,28,0,0
211.733,28,0,0
211.938,28,0,0
212.141,28,20,158
212.341,28,0,0
212.542,28,0,0
212.746,28,0,0
212.947,28,0,0
213.152,27,20,158
213.355,27,0,0
213.560,27,0,0
213.764,27,0,0
213.967,27,0,0
214.170,28,20,148
214.371,28,0,0
214.572,28,0,0
214.777,28,0,0
214.977,28,0,0
215.182,33,20,158
215.386,33,0,0
215.592,33,0,0
215.798,33,0,0
215.999,33,0,0
216.203,30,20,158
216.407,30,0,0
216.609,30,0,0
216.811,30,0,0
217.016,30,0,0
217.217,30,20,158
217.419,30,0,0
217.624,30,0,0
217.827,30,0,0
218.032,30,0,0
218.236,28,20,158
218.438,28,0,0
218.640,28,0,0
218.845,28,0,0
219.047,28,0,0
219.247,27,20,158
219.452,27,0,0
219.657,27,0,0
219.861,27,0,0
220.063,27,0,0
220.267,22,20,158
220.469,22,0,0
220.671,22,0,0
220.875,22,0,0
221.078,22,0,0
221.282,20,20,158
221.488,20,0,0
221.689,20,0,0
221.889,20,0,0
222.092,20,0,0
222.295,20,20,158
222.495,20,0,0
222.700,20,0,0
222.904,20,0,0
223.107,20,0,0
223.309,18,20,158
223.509,18,0,0
223.715,18,0,0
223.919,18,0,0
224.123,18,20,158
224.325,20,0,0
224.529,20,0,0
224.732,20,0,0
224.934,20,0,0
225.138,20,20,158
225.340,20,0,0
225.542,20,0,0
225.746,20,0,0
225.950,20,0,0
226.153,20,20,158
226.358,22,0,0
226.560,22,0,0
226.764,22,0,0
226.967,22,0,0
227.167,22,20,158
227.369,23,0,0
227.573,23,0,0
227.774,23,0,0
227.978,23,0,0
228.181,23,20,158
228.381,25,0,0
228.584,25,0,0
228.784,25,0,0
228.988,25,0,0
229.192,25,20,158
229.392,23,0,0
229.594,23,0,0
229.796,23,0,0
229.998,23,0,0
230.200,23,20,158
230.401,22,0,0
230.605,22,0,0
230.810,22,0,0
231.011,22,0,0
231.213,22,20,158
231.417,18,0,0
231.618,18,0,0
231.820,18,0,0
232.024,18,0,0
232.228,18,20,158
232.430,18,0,0
232.631,20,0,0
232.832,20,0,0
233.035,20,0,0
233.237,20,20,158
233.438,20,0,0
233.639,20,0,0
233.839,20,0,0
234.039,20,0,0
234.242,20,20,158
234.442,20,0,0
234.644,20,0,0
234.847,20,0,0
235.048,20,0,0
235.249,20,20,158
235.450,20,0,0
235.652,27,0,0
235.858,27,0,0
236.059,27,0,0
236.262,27,20,158
236.466,27,0,0
236.672,32,0,0
236.872,32,0,0
237.077,32,0,0
237.281,32,20,158
237.485,32,0,0
237.689,30,0,0
237.892,30,0,0
238.094,30,0,0
238.299,30,20,158
238.502,30,0,0
238.709,33,0,0
238.912,33,0,0
239.112,33,0,0
239.315,33,20,158
239.517,35,0,0
239.718,35,0,0
239.922,35,0,0
240.126,35,0,0
240.329,35,20,158
240.532,35,0,0
240.734,33,0,0
240.938,33,0,0
241.142,33,0,0
241.344,33,20,158
241.548,33,0,0
241.749,33,0,0
241.951,33,0,0
242.155,33,0,0
242.357,33,20,158
242.561,33,0,0
242.763,28,0,0
242.965,28,0,0
243.168,28,0,0
243.370,28,20,158
243.571,28,0,0
243.772,28,0,0
243.975,28,0,0
244.181,28,0,0
244.385,28,20,158
244.590,28,0,0
244.791,30,0,0
244.994,30,0,0
245.198,30,0,0
245.399,30,20,158
245.599,30,0,0
245.801,27,0,0
246.002,27,0,0
246.204,27,0,0
246.408,27,20,158
246.612,27,0,0
246.817,27,0,0
247.020,27,0,0
247.224,27,20,158
247.427,27,0,0
247.631,27,0,0
247.832,28,0,0
248.035,28,0,0
248.236,28,20,158
248.440,28,0,0
248.644,28,0,0
248.848,23,0,0
249.050,23,0,0
249.255,23,20,158
249.455,23,0,0
249.661,23,0,0
249.863,27,0,0
250.068,27,0,0
250.273,27,20,158
250.477,27,0,0
250.682,27,0,0
250.885,27,0,0
251.088,27,0,0
251.290,27,20,158
251.492,27,0,0
251.695,27,0,0
251.896,23,0,0
252.100,23,0,0
252.300,23,20,158
252.504,23,0,0
252.708,23,0,0
252.910,22,0,0
253.111,22,0,0
253.313,22,20,158
253.517,22,0,0
253.721,22,0,0
253.922,20,0,0
254.122,20,0,0
254.325,20,20,158
254.527,20,0,0
254.730,20,0,0
254.932,15,0,0
255.133,15,0,0
255.335,15,20,158
255.540,15,0,0
255.742,15,0,0
255.947,15,0,0
256.150,15,0,0
256.355,15,20,158
256.557,15,0,0
256.760,15,0,0
256.961,18,0,0
257.163,18,0,0
257.368,18,20,158
257.573,18,0,0
257.776,18,0,0
257.980,18,0,0
258.181,18,0,0
258.384,18,20,158
258.589,18,0,0
258.790,18,0,0
258.990,23,0,0
259.193,23,0,0
259.399,23,20,158
259.600,23,0,0
259.803,23,0,0
260.004,22,0,0
260.204,22,0,0
260.408,22,20,158
260.610,22,0,0
260.811,22,0,0
261.013,22,0,0
261.217,22,0,0
261.419,22,20,158
261.622,22,0,0
261.826,22,0,0
262.026,18,0,0
262.227,18,0,0
262.430,18,20,158
262.634,18,0,0
262.836,18,0,0
263.036,18,0,0
263.237,18,0,0
263.439,18,20,158
263.639,18,0,0
263.843,18,0,0
264.046,15,0,0
264.247,15,0,0
264.450,15,20,158
264.652,15,0,0
264.852,15,0,0
265.053,15,0,0
265.256,15,0,0
265.457,15,20,158
265.661,15,0,0
265.866,15,0,0
266.067,18,0,0
266.270,18,0,0
266.472,18,20,158
266.673,18,0,0
266.874,18,0,0
267.076,23,0,0
267.277,23,0,0
267.479,23,20,158
267.683,23,0,0
267.884,23,0,0
268.085,27,0,0
268.289,27,20,158
268.493,27,0,0
268.693,27,0,0
268.896,27,0,0
269.099,25,0,0
269.301,25,20,158
269.501,25,0,0
269.701,25,0,0
269.903,25,0,0
270.107,25,0,0
270.309,28,20,158
270.510,28,0,0
270.711,28,0,0
270.912,28,0,0
271.113,28,0,0
271.317,27,20,158
271.517,27,0,0
271.722,27,0,0
271.926,27,0,0
272.128,27,0,0
272.330,22,20,158
272.533,22,0,0
272.736,22,0,0
272.941,22,0,0
273.145,22,0,0
273.346,23,20,158
273.550,23,0,0
273.753,23,0,0
273.958,23,0,0
274.162,23,0,0
274.367,30,20,158
274.572,30,0,0
274.776,30,0,0
274.980,30,0,0
275.181,30,0,0
275.383,30,10,158
275.583,85,0,0
275.784,85,0,0
275.986,85,0,0
276.188,85,0,0
276.388,85,20,158
276.592,85,0,0
276.793,85,0,0
276.998,85,0,0
277.200,85,0,0
277.404,85,10,148
277.606,85,0,0
277.813,82,0,0
278.018,82,0,0
278.220,82,0,0
278.424,82,20,158
278.625,82,0,0
278.828,83,0,0
279.030,83,0,0
279.231,83,0,0
279.436,83,20,158
279.640,83,0,0
279.845,82,0,0
280.046,82,0,0
280.250,82,0,0
280.454,82,20,158
280.656,82,0,0
280.857,77,0,0
281.061,77,0,0
281.266,77,0,0
281.469,77,20,158
281.673,77,0,0
281.878,22,0,0
282.079,22,0,0
282.282,22,0,0
282.488,22,20,158
282.688,22,0,0
282.889,27,0,0
283.093,27,0,0
283.298,27,0,0
283.499,27,20,158
283.701,27,0,0
283.902,25,0,0
284.105,25,0,0
284.305,25,0,0
284.507,25,20,158
284.710,25,0,0
284.914,25,0,0
285.116,25,0,0
285.317,25,0,0
285.518,25,20,158
285.722,25,0,0
285.927,25,0,0
286.133,27,0,0
286.335,27,0,0
286.535,27,20,158
286.739,27,0,0
286.945,27,0,0
287.145,27,0,0
287.346,27,0,0
287.550,27,20,158
287.751,27,0,0
287.954,27,0,0
288.158,23,0,0
288.362,23,0,0
288.562,23,20,158
288.764,23,0,0
288.970,23,0,0
289.174,27,0,0
289.378,27,0,0
289.580,27,20,158
289.782,27,0,0
289.987,27,0,0
290.189,27,0,0
290.389,27,0,0
290.592,27,20,158
290.795,27,0,0
290.999,27,0,0
291.199,30,0,0
291.402,30,20,158
291.606,30,0,0
291.811,30,0,0
292.015,30,0,0
292.218,28,0,0
292.421,28,20,158
292.621,28,0,0
292.822,28,0,0
293.026,28,0,0
293.228,28,0,0
293.431,28,20,158
293.631,28,0,0
293.835,28,0,0
294.041,28,0,0
294.242,27,0,0
294.442,27,20,158
294.644,27,0,0
294.846,27,0,0
295.052,27,0,0
295.254,28,0,0
295.457,28,20,158
295.660,28,0,0
295.862,28,0,0
296.067,28,0,0
296.270,25,0,0
296.474,25,20,158
296.674,25,0,0
296.877,25,0,0
297.081,25,0,0
297.281,25,0,0
297.483,25,20,158
297.684,25,0,0
297.884,25,0,0
298.089,25,0,0
298.293,28,0,0
298.496,28,20,158
298.697,28,0,0
298.897,28,0,0
299.098,28,0,0
299.300,32,0,0
299.504,32,20,158
299.706,32,0,0
299.910,32,0,0
300.110,28,0,0
300.313,28,0,0
300.515,28,20,158
300.715,28,0,0
300.919,28,0,0
301.120,28,0,0
301.325,28,0,0
301.529,28,20,158
301.731,28,0,0
301.935,28,0,0
302.137,28,0,0
302.340,30,0,0
302.545,30,20,158
302.745,30,0,0
302.948,30,0,0
303.151,30,0,0
303.353,25,0,0
303.557,25,20,158
303.758,25,0,0
303.959,25,0,0
304.160,25,0,0
304.364,20,0,0
304.568,20,20,158
304.773,20,0,0
304.975,20,0,0
305.176,20,0,0
305.379,23,0,0
305.580,23,20,158
305.781,23,0,0
305.983,23,0,0
306.188,23,0,0
306.390,20,0,0
306.590,20,20,158
306.792,20,0,0
306.992,20,0,0
307.193,20,0,0
307.394,17,0,0
307.599,17,20,158
307.799,17,0,0
308.004,17,0,0
308.206,17,0,0
308.407,18,0,0
308.607,18,20,158
308.812,18,0,0
309.017,18,0,0
309.221,18,0,0
309.426,20,0,0
309.627,20,20,158
309.828,20,0,0
310.032,20,0,0
310.238,20,0,0
310.438,17,0,0
310.643,17,20,158
310.847,17,0,0
311.052,17,0,0
311.255,17,0,0
311.458,22,0,0
311.662,22,20,158
311.865,22,0,0
312.070,22,0,0
312.273,22,0,0
312.477,23,0,0
312.681,23,20,158
312.882,23,0,0
313.082,23,0,0
313.289,23,0,0
313.491,23,0,0
313.695,23,20,158
313.901,23,0,0
314.102,23,0,0
314.302,23,0,0
314.507,23,0,0
314.708,23,20,158
314.908,23,0,0
315.112,23,0,0
315.315,23,0,0
315.515,27,0,0
315.720,27,20,158
315.921,27,0,0
316.125,27,0,0
316.325,27,0,0
316.525,27,0,0
316.730,27,20,158
316.932,27,0,0
317.135,27,0,0
317.336,27,0,0
317.541,25,20,158
317.741,25,0,0
317.942,25,0,0
318.143,25,0,0
318.345,25,0,0
318.547,25,20,158
318.748,25,0,0
318.950,25,0,0
319.152,25,0,0
319.354,25,0,0
319.556,27,20,158
319.757,27,0,0
319.962,27,0,0
320.168,27,0,0
320.368,27,0,0
320.569,27,20,158
320.770,27,0,0
320.972,27,0,0
321.173,27,0,0
321.375,27,0,0
321.576,28,20,158
321.780,28,0,0
321.982,28,0,0
322.185,28,0,0
322.389,28,0,0
322.591,28,10,158
322.795,28,0,0
322.996,28,0,0
323.203,28,0,0
323.407,28,0,0
323.611,33,20,158
323.812,33,0,0
324.012,33,0,0
324.214,33,0,0
324.417,33,0,0
324.618,33,20,158
324.820,33,0,0
325.025,33,0,0
325.226,33,0,0
325.426,33,0,0
325.629,33,20,148
325.829,33,0,0
326.030,33,0,0
326.234,33,0,0
326.438,33,0,0
326.639,33,20,158
326.842,33,0,0
327.043,33,0,0
327.248,33,0,0
327.450,33,0,0
327.651,35,20,158
327.855,35,0,0
328.059,35,0,0
328.261,35,0,0
328.465,35,0,0
328.667,30,20,158
328.870,30,0,0
329.072,30,0,0
329.273,30,0,0
329.478,30,0,0
329.683,27,20,158
329.883,27,0,0
330.085,27,0,0
330.288,27,0,0
330.493,27,0,0
330.697,23,20,158
330.900,23,0,0
331.102,23,0,0
331.302,23,0,0
331.503,23,0,0
331.705,20,20,158
331.905,20,0,0
332.106,20,0,0
332.310,20,0,0
332.513,20,0,0
332.718,18,20,158
332.918,18,0,0
333.120,18,0,0
333.322,18,0,0
333.524,18,0,0
333.730,18,20,158
333.931,18,0,0
334.135,18,0,0
334.337,18,0,0
334.538,18,0,0
334.743,22,20,158
334.944,22,0,0
335.148,22,0,0
335.351,22,0,0
335.553,22,0,0
335.757,25,20,158
335.960,25,0,0
336.166,25,0,0
336.366,25,0,0
336.572,25,0,0
336.788,25,20,158
336.993,25,0,0
337.227,25,0,0
337.428,25,0,0
337.632,25,20,158
337.853,25,0,0
338.058,25,0,0
338.273,25,0,0
338.476,25,0,0
338.681,25,10,158
338.886,25,0,0
339.091,25,0,0
339.291,25,0,0
339.494,25,0,0
339.696,25,20,148
339.914,25,0,0
340.141,25,0,0
340.361,27,0,0
340.587,27,0,0
340.792,27,20,158
341.017,27,0,0
341.232,27,0,0
341.444,27,0,0
341.663,27,10,148
341.865,27,0,0
342.071,27,0,0
342.272,25,0,0
342.476,25,0,0
342.678,25,20,158
342.880,25,0,0
343.085,25,0,0
343.294,25,0,0
343.498,23,0,0
343.704,23,20,158
343.910,23,0,0
344.124,23,0,0
344.327,23,0,0
344.531,20,0,0
344.735,20,20,158
344.936,20,0,0
345.138,20,0,0
345.342,20,0,0
345.548,20,0,0
345.749,23,20,158
345.953,23,0,0
346.162,23,0,0
346.363,23,0,0
346.563,23,0,0
346.764,23,20,158
346.967,23,0,0
347.169,23,0,0
347.370,23,0,0
347.577,23,0,0
347.791,23,10,148
347.992,22,0,0
348.198,22,0,0
348.402,22,0,0
348.603,22,0,0
348.807,22,20,158
349.011,22,0,0
349.215,23,0,0
349.419,23,0,0
349.620,23,0,0
349.823,23,16,158
350.025,23,0,0
350.226,27,0,0
350.430,27,0,0
350.633,27,0,0
350.837,27,20,158
351.041,27,0,0
351.243,27,0,0
351.452,27,0,0
351.652,27,0,0
351.853,27,10,158
352.057,27,0,0
352.259,27,0,0
352.462,27,0,0
352.667,25,0,0
352.872,25,20,158
353.075,25,0,0
353.278,25,0,0
353.485,25,0,0
353.685,25,0,0
353.886,25,20,158
354.091,25,0,0
354.292,25,0,0
354.495,25,0,0
354.696,25,0,0
354.899,30,20,158
355.100,30,0,0
355.303,30,0,0
355.504,30,0,0
355.708,30,0,0
355.909,30,20,158
356.117,30,0,0
356.320,30,0,0
356.527,30,0,0
356.739,30,0,0
356.940,30,10,148
357.141,33,0,0
357.362,33,0,0
357.564,33,0,0
357.766,33,0,0
357.969,33,20,158
358.174,33,0,0
358.384,33,0,0
358.590,28,0,0
358.794,28,0,0
358.997,28,20,158
359.201,28,0,0
359.402,28,0,0
359.614,28,0,0
359.819,28,0,0
360.043,28,10,148
360.246,23,0,0
360.450,23,0,0
360.653,23,0,0
360.872,23,0,0
361.077,23,20,158
361.279,23,0,0
361.483,18,0,0
361.684,18,0,0
361.888,18,0,0
362.090,18,20,158
362.291,18,0,0
362.495,17,0,0
362.699,17,0,0
362.901,17,0,0
363.105,17,20,158
363.309,17,0,0
363.510,13,0,0
363.714,13,0,0
363.917,13,0,0
364.119,13,20,158
364.323,13,0,0
364.528,20,0,0
364.731,20,0,0
364.935,20,0,0
365.137,20,20,158
365.338,20,0,0
365.540,25,0,0
365.743,25,0,0
365.948,25,0,0
366.152,25,20,158
366.353,25,0,0
366.554,30,0,0
366.760,30,0,0
366.961,30,20,158
367.164,30,0,0
367.368,30,0,0
367.572,28,0,0
367.775,28,0,0
367.978,28,20,158
368.182,28,0,0
368.387,28,0,0
368.588,27,0,0
368.792,27,0,0
368.995,27,20,158
369.200,27,0,0
369.401,27,0,0
369.604,25,0,0
369.808,25,0,0
370.008,25,20,158
370.209,25,0,0
370.411,25,0,0
370.613,27,0,0
370.816,27,0,0
371.018,27,20,158
371.220,27,0,0
371.422,27,0,0
371.626,23,0,0
371.831,23,0,0
372.032,23,20,158
372.235,23,0,0
372.441,23,0,0
372.641,25,0,0
372.842,25,0,0
373.043,25,20,158
373.243,25,0,0
373.444,25,0,0
373.650,23,0,0
373.852,23,0,0
374.052,23,20,158
374.256,23,0,0
374.458,23,0,0
374.660,23,0,0
374.861,23,0,0
375.062,23,20,158
375.267,23,0,0
375.467,23,0,0
375.668,18,0,0
375.872,18,0,0
376.072,18,20,158
376.276,18,0,0
376.479,18,0,0
376.680,17,0,0
376.884,17,0,0
377.090,17,20,158
377.293,17,0,0
377.496,17,0,0
377.700,13,0,0
377.901,13,0,0
378.102,13,20,158
378.302,13,0,0
378.503,13,0,0
378.706,13,0,0
378.907,18,0,0
379.116,18,20,158
379.317,18,0,0
379.520,18,0,0
379.725,18,0,0
379.929,20,0,0
380.133,20,20,158
380.334,20,0,0
380.539,20,0,0
380.742,22,0,0
380.945,22,0,0
381.150,22,20,158
381.350,22,0,0
381.552,22,0,0
381.756,23,0,0
381.959,23,0,0
382.161,23,20,158
382.365,23,0,0
382.570,23,0,0
382.771,25,0,0
382.974,25,0,0
383.176,25,20,158
383.378,25,0,0
383.581,25,0,0
383.786,20,0,0
383.988,20,0,0
384.190,20,20,158
384.395,20,0,0
384.598,20,0,0
384.800,18,0,0
385.003,18,0,0
385.203,18,20,158
385.404,18,0,0
385.606,18,0,0
385.809,18,0,0
386.011,18,0,0
386.213,18,20,158
386.418,18,0,0
386.620,18,0,0
386.821,18,0,0
387.028,20,0,0
387.238,20,20,158
387.439,20,0,0
387.645,20,0,0
387.846,20,0,0
388.050,22,20,158
388.251,22,0,0
388.456,22,0,0
388.656,22,0,0
388.859,22,0,0
389.060,25,20,158
389.263,25,0,0
389.467,25,0,0
389.669,25,0,0
389.873,25,0,0
390.076,23,20,158
390.280,23,0,0
390.482,23,0,0
390.687,23,0,0
390.888,23,0,0
391.091,28,20,158
391.292,28,0,0
391.495,28,0,0
391.696,28,0,0
391.897,28,0,0
392.098,28,10,158
392.298,28,0,0
392.500,28,0,0
392.702,28,0,0
392.906,28,0,0
393.110,28,10,148
393.313,28,0,0
393.515,27,0,0
393.717,27,0,0
393.920,27,0,0
394.121,27,20,158
394.324,27,0,0
394.529,27,0,0
394.732,28,0,0
394.937,28,0,0
395.142,28,20,158
395.347,28,0,0
395.548,28,0,0
395.750,30,0,0
395.952,30,0,0
396.153,30,20,158
396.353,30,0,0
396.556,30,0,0
396.758,27,0,0
396.958,27,0,0
397.159,27,20,158
397.362,27,0,0
397.564,27,0,0
397.765,25,0,0
397.966,25,0,0
398.171,25,20,158
398.375,25,0,0
398.578,25,0,0
398.782,23,0,0
398.984,23,0,0
399.188,23,20,158
399.389,23,0,0
399.591,23,0,0
399.796,22,0,0
399.997,22,0,0
400.199,22,20,158
400.404,22,0,0
400.605,22,0,0
400.807,22,0,0
401.009,22,0,0
401.213,22,20,158
401.418,22,0,0
401.621,22,0,0
401.827,28,0,0
402.035,28,0,0
402.240,28,20,158
402.441,28,0,0
402.642,28,0,0
402.845,28,0,0
403.047,28,0,0
403.247,28,20,158
403.449,28,0,0
403.653,28,0,0
403.859,30,0,0
404.063,30,0,0
404.268,30,20,158
404.469,30,0,0
404.670,30,0,0
404.872,28,0,0
405.075,28,0,0
405.277,28,20,158
405.478,28,0,0
405.682,28,0,0
405.886,27,0,0
406.090,27,0,0
406.294,27,20,158
406.498,27,0,0
406.699,27,0,0
406.901,22,0,0
407.105,22,0,0
407.310,22,20,158
407.510,22,0,0
407.715,22,0,0
407.918,18,0,0
408.120,18,0,0
408.322,18,20,158
408.527,18,0,0
408.730,18,0,0
408.935,18,0,0
409.140,18,20,158
409.345,18,0,0
409.549,18,0,0
409.750,18,0,0
409.955,20,0,0
410.158,20,20,158
410.361,20,0,0
410.567,20,0,0
410.768,20,0,0
410.969,18,0,0
411.170,18,20,158
411.370,18,0,0
411.574,18,0,0
411.778,18,0,0
411.981,25,0,0
412.182,25,20,158
412.387,25,0,0
412.590,25,0,0
412.793,25,0,0
412.996,23,0,0
413.201,23,20,158
413.402,23,0,0
413.606,23,0,0
413.806,23,0,0
414.008,25,0,0
414.208,25,20,158
414.409,25,0,0
414.611,25,0,0
414.814,25,0,0
415.017,23,0,0
415.218,23,20,158
415.420,23,0,0
415.624,23,0,0
415.830,23,0,0
416.031,23,0,0
416.234,25,20,158
416.438,25,0,0
416.640,25,0,0
416.844,25,0,0
417.048,25,0,0
417.252,20,20,158
417.457,20,0,0
417.658,20,0,0
417.864,20,0,0
418.068,20,0,0
418.270,23,20,158
418.470,23,0,0
418.674,23,0,0
418.875,23,0,0
419.075,23,0,0
419.279,23,20,158
419.483,23,0,0
419.688,23,0,0
419.891,23,0,0
420.095,23,0,0
420.297,27,20,158
420.502,27,0,0
420.704,27,0,0
420.904,27,0,0
421.106,27,0,0
421.311,27,20,158
421.515,27,0,0
421.718,27,0,0
421.921,27,0,0
422.124,27,0,0
422.330,28,10,158
422.533,28,0,0
422.738,28,0,0
422.939,28,0,0
423.140,28,0,0
423.343,30,20,148
423.548,30,0,0
423.750,30,0,0
423.953,30,0,0
424.153,30,0,0
424.355,30,20,158
424.558,30,0,0
424.761,30,0,0
424.962,30,0,0
425.164,30,0,0
425.364,23,20,158
425.568,23,0,0
425.769,23,0,0
425.970,23,0,0
426.173,23,0,0
426.376,23,20,158
426.578,23,0,0
426.780,23,0,0
426.983,23,0,0
427.184,23,0,0
427.390,25,20,158
427.595,25,0,0
427.801,25,0,0
428.002,25,0,0
428.203,25,0,0
428.405,20,20,158
428.605,20,0,0
428.806,20,0,0
429.008,20,0,0
429.212,20,0,0
429.417,20,20,158
429.618,20,0,0
429.823,20,0,0
430.025,20,0,0
430.226,20,0,0
430.426,25,20,158
430.630,25,0,0
430.831,25,0,0
431.035,25,0,0
431.236,25,0,0
431.437,23,20,158
431.639,23,0,0
431.840,23,0,0
432.040,23,0,0
432.242,23,0,0
432.443,22,20,158
432.647,22,0,0
432.848,22,0,0
433.048,22,0,0
433.249,22,0,0
433.455,25,20,158
433.658,25,0,0
433.860,25,0,0
434.066,25,0,0
434.268,25,20,158
434.469,23,0,0
434.675,23,0,0
434.877,23,0,0
435.081,23,0,0
435.286,23,20,158
435.492,22,0,0
435.697,22,0,0
435.898,22,0,0
436.098,22,0,0
436.301,22,20,158
436.503,25,0,0
436.704,25,0,0
436.909,25,0,0
437.111,25,0,0
437.312,25,20,158
437.512,25,0,0
437.716,25,0,0
437.917,25,0,0
438.123,25,0,0
438.328,25,20,158
438.531,27,0,0
438.732,27,0,0
438.933,27,0,0
439.136,27,0,0
439.338,27,20,158
439.542,27,0,0
439.744,28,0,0
439.949,28,0,0
440.151,28,0,0
440.353,28,20,158
440.553,28,0,0
440.758,27,0,0
440.961,27,0,0
441.168,27,0,0
441.373,27,20,158
441.574,27,0,0
441.775,23,0,0
441.977,23,0,0
442.182,23,0,0
442.383,23,20,158
442.584,23,0,0
442.789,23,0,0
442.994,23,0,0
443.198,23,0,0
443.402,23,20,158
443.603,23,0,0
443.803,23,0,0
444.009,23,0,0
444.210,23,0,0
444.413,23,20,158
444.615,23,0,0
444.820,20,0,0
445.023,20,0,0
445.225,20,0,0
445.428,20,20,158
445.630,20,0,0
445.835,23,0,0
446.037,23,0,0
446.241,23,0,0
446.444,23,20,158
446.644,23,0,0
446.845,23,0,0
447.048,23,0,0
447.250,23,0,0
447.450,23,20,158
447.658,23,0,0
447.865,25,0,0
448.065,25,0,0
448.267,25,0,0
448.471,25,20,158
448.672,25,0,0
448.872,27,0,0
449.079,27,0,0
449.282,27,0,0
449.485,27,20,158
449.686,27,0,0
449.888,27,0,0
450.089,27,0,0
450.291,27,0,0
450.495,27,20,158
450.699,27,0,0
450.903,30,0,0
451.106,30,0,0
451.310,30,0,0
451.511,30,20,158
451.715,30,0,0
451.921,35,0,0
452.126,35,0,0
452.327,35,0,0
452.529,35,20,158
452.731,35,0,0
452.935,32,0,0
453.136,32,0,0
453.336,32,0,0
453.539,32,20,158
453.740,32,0,0
453.947,28,0,0
454.152,28,0,0
454.358,28,20,158
454.563,28,0,0
454.764,28,0,0
454.965,30,0,0
455.168,30,0,0
455.369,30,16,158
455.570,30,0,0
455.774,30,0,0
455.982,27,0,0
456.185,27,0,0
456.389,27,20,158
456.595,27,0,0
456.796,27,0,0
457.000,20,0,0
457.205,20,0,0
457.410,20,20,158
457.610,20,0,0
457.816,20,0,0
458.018,20,0,0
458.218,20,0,0
458.418,20,20,158
458.622,20,0,0
458.823,20,0,0
459.028,20,0,0
459.231,20,0,0
459.435,20,20,158
459.638,20,0,0
459.842,20,0,0
460.045,23,0,0
460.249,23,0,0
460.453,23,20,158
460.658,23,0,0
460.859,23,0,0
461.063,23,0,0
461.269,23,0,0
461.471,23,20,158
461.672,23,0,0
461.876,23,0,0
462.078,27,0,0
462.279,27,0,0
462.481,27,20,158
462.681,27,0,0
462.884,27,0,0
463.090,28,0,0
463.290,28,0,0
463.491,28,20,158
463.694,28,0,0
463.897,28,0,0
464.099,28,0,0
464.302,28,0,0
464.506,28,20,158
464.709,28,0,0
464.911,28,0,0
465.111,23,0,0
465.314,23,0,0
465.518,23,20,158
465.724,23,0,0
465.929,23,0,0
466.132,25,0,0
466.332,25,0,0
466.532,25,20,158
466.734,25,0,0
466.935,25,0,0
467.139,23,0,0
467.341,23,0,0
467.545,23,20,158
467.750,23,0,0
467.952,23,0,0
468.156,23,0,0
468.360,23,0,0
468.562,23,20,158
468.763,23,0,0
468.969,23,0,0
469.172,23,0,0
469.374,23,0,0
469.578,23,20,158
469.782,23,0,0
469.986,23,0,0
470.190,27,0,0
470.391,27,0,0
470.596,27,20,158
470.799,27,0,0
471.000,27,0,0
471.203,23,0,0
471.404,23,0,0
471.604,23,20,158
471.809,23,0,0
472.010,23,0,0
472.213,23,0,0
472.418,27,0,0
472.621,27,20,158
472.825,27,0,0
473.025,27,0,0
473.231,27,0,0
473.432,27,0,0
473.634,27,20,158
473.837,27,0,0
474.042,27,0,0
474.243,27,0,0
474.444,27,0,0
474.646,27,10,158
474.849,27,0,0
475.054,27,0,0
475.256,27,0,0
475.459,27,0,0
475.661,27,10,148
475.865,27,0,0
476.066,27,0,0
476.270,27,0,0
476.471,27,0,0
476.674,27,20,158
476.881,23,0,0
477.084,23,0,0
477.289,23,0,0
477.494,23,20,158
477.696,23,0,0
477.898,25,0,0
478.102,25,0,0
478.307,25,0,0
478.510,25,20,158
478.714,25,0,0
478.917,23,0,0
479.118,23,0,0
479.318,23,0,0
479.520,23,20,158
479.720,23,0,0
479.921,25,0,0
480.124,25,0,0
480.329,25,0,0
480.532,25,20,158
480.733,25,0,0
480.936,25,0,0
481.142,25,0,0
481.344,25,0,0
481.547,25,20,158
481.750,25,0,0
481.952,25,0,0
482.153,25,0,0
482.355,25,0,0
482.560,25,20,158
482.761,25,0,0
482.962,23,0,0
483.167,23,0,0
483.371,23,0,0
483.572,23,20,158
483.775,23,0,0
483.978,22,0,0
484.181,22,0,0
484.387,22,0,0
484.590,22,20,158
484.793,22,0,0
484.994,22,0,0
485.197,22,0,0
485.400,22,0,0
485.604,22,20,158
485.808,22,0,0
486.009,20,0,0
486.212,20,0,0
486.413,20,0,0
486.616,20,20,158
486.821,20,0,0
487.023,22,0,0
487.227,22,0,0
487.428,22,0,0
487.632,22,20,158
487.833,22,0,0
488.036,22,0,0
488.238,22,0,0
488.439,22,0,0
488.643,22,20,158
488.849,22,0,0
489.049,27,0,0
489.250,27,0,0
489.455,27,0,0
489.657,27,20,158
489.859,27,0,0
490.059,25,0,0
490.263,25,0,0
490.468,25,0,0
490.674,25,20,158
490.875,25,0,0
491.080,25,0,0
491.281,25,0,0
491.483,25,0,0
491.686,25,20,158
491.889,25,0,0
492.092,25,0,0
492.293,25,0,0
492.494,25,0,0
492.694,25,20,158
492.898,25,0,0
493.099,27,0,0
493.304,27,0,0
493.506,27,0,0
493.709,27,20,158
493.915,27,0,0
494.117,22,0,0
494.318,22,0,0
494.522,22,0,0
494.729,22,20,158
494.930,22,0,0
495.130,22,0,0
495.330,22,0,0
495.533,22,0,0
495.738,22,20,158
495.941,22,0,0
496.142,22,0,0
496.342,27,0,0
496.546,27,0,0
496.747,27,20,158
496.952,27,0,0
497.154,23,0,0
497.358,23,0,0
497.559,23,0,0
497.762,23,20,158
497.965,23,0,0
498.169,23,0,0
498.371,27,0,0
498.572,27,0,0
498.773,27,20,158
498.975,27,0,0
499.175,27,0,0
499.379,27,0,0
499.584,27,20,158
499.787,27,0,0
499.990,27,0,0
500.190,27,0,0
500.396,28,0,0
500.596,28,20,158
500.797,28,0,0
500.997,28,0,0
501.200,28,0,0
501.401,25,0,0
501.606,25,20,158
501.809,25,0,0
502.010,25,0,0
502.213,25,0,0
502.414,32,0,0
502.616,32,20,158
502.821,32,0,0
503.023,32,0,0
503.227,32,0,0
503.430,27,0,0
503.634,27,20,158
503.835,27,0,0
504.037,27,0,0
504.240,27,0,0
504.441,27,0,0
504.641,27,20,158
504.844,27,0,0
505.045,27,0,0
505.246,27,0,0
505.446,23,0,0
505.653,23,20,158
505.856,23,0,0
506.057,23,0,0
506.260,23,0,0
506.461,27,0,0
506.662,27,20,158
506.863,27,0,0
507.065,27,0,0
507.268,27,0,0
507.472,23,0,0
507.672,23,20,158
507.877,23,0,0
508.078,23,0,0
508.279,23,0,0
508.484,25,0,0
508.689,25,20,158
508.891,25,0,0
509.092,25,0,0
509.293,25,0,0
509.496,27,0,0
509.700,27,20,158
509.901,27,0,0
510.106,27,0,0
510.306,27,0,0
510.506,30,0,0
510.708,30,20,158
510.913,30,0,0
511.114,30,0,0
511.316,30,0,0
511.517,27,0,0
511.720,27,20,158
511.924,27,0,0
512.128,27,0,0
512.330,27,0,0
512.532,25,0,0
512.732,25,20,306
512.935,25,0,0
513.141,25,0,0
513.344,25,0,0
513.547,25,0,0
513.748,25,20,10
513.953,25,0,0
514.155,25,0,0
514.356,25,0,0
514.560,25,0,0
514.762,25,20,306
514.962,25,0,0
515.165,25,0,0
515.369,25,0,0
515.571,20,0,0
515.777,20,20,158
515.978,20,0,0
516.183,20,0,0
516.385,20,0,0
516.587,20,0,0
516.788,23,20,158
516.988,23,0,0
517.192,23,0,0
517.393,23,0,0
517.599,22,0,0
517.802,22,20,158
518.006,22,0,0
518.209,22,0,0
518.412,22,0,0
518.613,22,0,0
518.814,22,20,158
519.015,22,0,0
519.219,22,0,0
519.419,22,0,0
519.619,22,0,0
519.823,20,20,158
520.027,20,0,0
520.233,20,0,0
520.437,20,0,0
520.639,20,0,0
520.843,20,20,158
521.044,20,0,0
521.245,20,0,0
521.450,20,0,0
521.651,20,0,0
521.854,18,20,158
522.054,18,0,0
522.255,18,0,0
522.456,18,0,0
522.660,18,0,0
522.867,25,20,158
523.069,25,0,0
523.270,25,0,0
523.474,25,0,0
523.677,25,0,0
523.879,25,20,158
524.084,25,0,0
524.287,25,0,0
524.489,25,0,0
524.692,25,0,0
524.895,28,10,158
525.100,28,0,0
525.304,28,0,0
525.508,28,0,0
525.709,28,0,0
525.910,32,20,158
526.114,32,0,0
526.317,32,0,0
526.521,32,0,0
526.723,32,0,0
526.924,28,20,158
527.127,28,0,0
527.328,28,0,0
527.532,28,0,0
527.735,28,0,0
527.935,23,20,148
528.137,23,0,0
528.343,23,0,0
528.543,23,0,0
528.748,23,0,0
528.951,25,20,158
529.151,25,0,0
529.353,25,0,0
529.558,25,0,0
529.761,25,0,0
529.963,20,20,158
530.164,20,0,0
530.367,20,0,0
530.570,20,0,0
530.772,20,20,158
530.973,18,0,0
531.174,18,0,0
531.375,18,0,0
531.577,18,0,0
531.780,18,20,158
531.981,22,0,0
532.184,22,0,0
532.389,22,0,0
532.595,22,0,0
532.797,22,20,158
533.003,23,0,0
533.207,23,0,0
533.409,23,0,0
533.614,23,0,0
533.818,23,20,158
534.024,20,0,0
534.227,20,0,0
534.428,20,0,0
534.631,20,0,0
534.834,20,20,158
535.036,25,0,0
535.240,25,0,0
535.445,25,0,0
535.648,25,0,0
535.850,25,20,158
536.051,25,0,0
536.251,25,0,0
536.454,25,0,0
536.657,25,0,0
536.859,25,20,158
537.060,25,0,0
537.261,25,0,0
537.465,25,0,0
537.670,25,0,0
537.874,25,20,158
538.076,27,0,0
538.278,27,0,0
538.482,27,0,0
538.682,27,0,0
538.887,27,20,158
539.092,28,0,0
539.294,28,0,0
539.496,28,0,0
539.698,28,0,0
539.903,28,20,158
540.105,28,0,0
540.306,28,0,0
540.509,28,0,0
540.710,28,0,0
540.912,28,20,158
541.114,33,0,0
541.314,33,0,0
541.518,33,0,0
541.723,33,0,0
541.926,33,20,158
542.131,33,0,0
542.332,33,0,0
542.533,33,0,0
542.733,33,0,0
542.936,33,20,158
543.139,32,0,0
543.342,32,0,0
543.544,32,0,0
543.744,32,0,0
543.945,32,20,158
544.146,33,0,0
544.349,33,0,0
544.552,33,0,0
544.755,33,0,0
544.958,33,20,158
545.161,30,0,0
545.363,30,0,0
545.566,30,0,0
545.770,30,0,0
545.973,30,20,158
546.178,28,0,0
546.378,28,0,0
546.578,28,0,0
546.780,28,0,0
546.984,28,20,158
547.189,30,0,0
547.393,30,0,0
547.596,30,0,0
547.799,30,0,0
548.000,30,20,158
548.203,27,0,0
548.404,27,0,0
548.605,27,0,0
548.807,27,0,0
549.010,27,20,158
549.215,27,0,0
549.421,27,0,0
549.621,27,0,0
549.824,27,0,0
550.029,27,20,158
550.231,30,0,0
550.433,30,0,0
550.634,30,0,0
550.836,30,0,0
551.040,30,20,158
551.242,25,0,0
551.446,25,0,0
551.648,25,0,0
551.850,25,0,0
552.052,25,20,158
552.254,23,0,0
552.455,23,0,0
552.658,23,0,0
552.858,23,0,0
553.059,23,20,158
553.261,27,0,0
553.463,27,0,0
553.663,27,0,0
553.870,27,0,0
554.071,27,20,158
554.276,25,0,0
554.479,25,0,0
554.683,25,0,0
554.889,25,20,158
555.089,25,0,0
555.289,25,0,0
555.492,23,0,0
555.695,23,0,0
555.899,23,20,158
556.104,23,0,0
556.307,23,0,0
556.508,28,0,0
556.709,28,0,0
556.910,28,20,158
557.111,28,0,0
557.316,28,0,0
557.519,27,0,0
557.724,27,0,0
557.925,27,20,158
558.128,27,0,0
558.332,27,0,0
558.534,27,0,0
558.737,27,0,0
558.939,27,20,158
559.140,27,0,0
559.345,27,0,0
559.548,30,0,0
559.749,30,0,0
559.951,30,20,158
560.151,30,0,0
560.353,30,0,0
560.556,30,0,0
560.757,30,0,0
560.960,30,16,158
561.164,30,0,0
561.368,30,0,0
561.571,30,0,0
561.771,30,0,0
561.973,30,20,158
562.178,30,0,0
562.379,30,0,0
562.581,35,0,0
562.783,35,0,0
562.987,35,20,158
563.188,35,0,0
563.389,35,0,0
563.591,37,0,0
563.794,37,0,0
563.996,37,20,158
564.200,37,0,0
564.404,37,0,0
564.604,33,0,0
564.807,33,0,0
565.011,33,20,158
565.213,33,0,0
565.414,33,0,0
565.618,33,0,0
565.818,33,0,0
566.020,33,20,158
566.220,33,0,0
566.426,33,0,0
566.627,33,0,0
566.828,33,0,0
567.032,33,10,158
567.233,33,0,0
567.435,33,0,0
567.638,33,0,0
567.841,33,0,0
568.045,33,10,148
568.247,32,0,0
568.451,32,0,0
568.657,32,0,0
568.860,32,0,0
569.069,32,20,158
569.271,25,0,0
569.476,25,0,0
569.676,25,0,0
569.878,25,0,0
570.080,25,20,158
570.281,25,0,0
570.481,25,0,0
570.688,25,0,0
570.892,25,0,0
571.094,25,20,158
571.297,25,0,0
571.500,25,0,0
571.701,25,0,0
571.903,25,0,0
572.104,25,20,158
572.308,27,0,0
572.513,27,0,0
572.718,27,0,0
572.923,27,0,0
573.128,27,20,158
573.329,30,0,0
573.532,30,0,0
573.737,30,0,0
573.941,30,20,158
574.145,30,0,0
574.350,33,0,0
574.550,33,0,0
574.755,33,0,0
574.961,33,20,158
575.162,33,0,0
575.367,33,0,0
575.571,33,0,0
575.775,33,0,0
575.976,33,20,158
576.181,33,0,0
576.387,33,0,0
576.590,33,0,0
576.796,33,0,0
576.999,33,20,158
577.202,33,0,0
577.402,32,0,0
577.604,32,0,0
577.805,32,0,0
578.010,32,20,158
578.214,32,0,0
578.417,28,0,0
578.620,28,0,0
578.821,28,0,0
579.027,28,20,158
579.229,28,0,0
579.433,27,0,0
579.634,27,0,0
579.838,27,0,0
580.038,27,20,158
580.239,27,0,0
580.440,23,0,0
580.643,23,0,0
580.846,23,0,0
581.050,23,20,158
581.252,23,0,0
581.457,20,0,0
581.658,20,0,0
581.861,20,0,0
582.067,20,20,158
582.269,20,0,0
582.470,18,0,0
582.671,18,0,0
582.875,18,0,0
583.077,18,20,158
583.278,18,0,0
583.478,22,0,0
583.681,22,0,0
583.886,22,0,0
584.089,22,20,158
584.293,22,0,0
584.498,25,0,0
584.700,25,0,0
584.904,25,0,0
585.110,25,20,158
585.313,25,0,0
585.514,28,0,0
585.718,28,0,0
585.923,28,0,0
586.127,28,20,158
586.333,28,0,0
586.538,33,0,0
586.739,33,0,0
586.944,33,0,0
587.147,33,20,158
587.351,33,0,0
587.554,32,0,0
587.755,32,0,0
587.956,32,0,0
588.158,32,20,158
588.360,32,0,0
588.561,30,0,0
588.766,30,0,0
588.966,30,0,0
589.169,30,20,158
589.371,30,0,0
589.575,23,0,0
589.778,23,0,0
589.979,23,0,0
590.180,23,20,158
590.383,23,0,0
590.589,23,0,0
590.790,23,0,0
590.994,23,0,0
591.195,23,20,158
591.397,23,0,0
591.599,20,0,0
591.799,20,0,0
592.003,20,0,0
592.207,20,20,158
592.410,20,0,0
592.611,20,0,0
592.814,20,0,0
593.017,20,0,0
593.220,20,20,158
593.421,20,0,0
593.622,20,0,0
593.825,20,0,0
594.030,20,0,0
594.230,20,20,158
594.433,20,0,0
594.637,27,0,0
594.841,27,0,0
595.042,27,0,0
595.244,27,20,158
595.448,27,0,0
595.649,28,0,0
595.851,28,0,0
596.052,28,20,158
596.253,28,0,0
596.458,28,0,0
596.660,32,0,0
596.863,32,0,0
597.068,32,20,158
597.272,32,0,0
597.474,32,0,0
597.677,33,0,0
597.880,33,0,0
598.082,33,20,158
598.285,33,0,0
598.487,33,0,0
598.690,33,0,0
598.893,33,0,0
599.095,33,20,158
599.296,33,0,0
599.501,33,0,0
599.702,30,0,0
599.902,30,0,0
600.108,30,20,158
600.311,30,0,0
600.514,30,0,0
600.718,27,0,0
600.921,27,0,0
601.123,27,20,158
601.328,27,0,0
601.529,27,0,0
601.734,22,0,0
601.938,22,0,0
602.139,22,20,158
602.342,22,0,0
602.547,22,0,0
602.748,25,0,0
602.952,25,0,0
603.153,25,20,158
603.354,25,0,0
603.558,25,0,0
603.761,25,0,0
603.966,22,0,0
604.170,22,16,158
604.373,22,0,0
604.576,22,0,0
604.779,22,0,0
604.981,22,0,0
605.183,22,20,158
605.386,22,0,0
605.590,22,0,0
605.792,22,0,0
605.996,22,0,0
606.197,22,20,158
606.400,22,0,0
606.602,22,0,0
606.803,22,0,0
607.010,23,0,0
607.212,23,20,158
607.415,23,0,0
607.621,23,0,0
607.822,23,0,0
608.026,20,0,0
608.231,20,20,158
608.432,20,0,0
608.634,20,0,0
608.836,20,0,0
609.039,23,0,0
609.245,23,20,158
609.448,23,0,0
609.649,23,0,0
609.853,23,0,0
610.057,23,0,0
610.257,23,20,158
610.462,23,0,0
610.665,23,0,0
610.866,23,0,0
611.071,23,0,0
611.271,23,20,158
611.472,23,0,0
611.675,23,0,0
611.880,23,0,0
612.083,23,0,0
612.284,23,20,158
612.485,23,0,0
612.687,23,0,0
612.888,23,0,0
613.090,23,0,0
613.291,23,20,158
613.494,23,0,0
613.695,23,0,0
613.895,23,0,0
614.096,20,0,0
614.297,20,20,158
614.499,20,0,0
614.701,20,0,0
614.905,20,0,0
615.107,22,0,0
615.310,22,20,158
615.517,22,0,0
615.720,22,0,0
615.924,22,0,0
616.126,23,20,158
616.326,23,0,0
616.531,23,0,0
616.732,23,0,0
616.933,23,0,0
617.135,25,20,158
617.339,25,0,0
617.540,25,0,0
617.742,25,0,0
617.946,25,0,0
618.151,28,20,158
618.354,28,0,0
618.560,28,0,0
618.763,28,0,0
618.967,28,0,0
619.171,28,20,158
619.374,28,0,0
619.576,28,0,0
619.777,28,0,0
619.980,28,0,0
620.184,25,20,158
620.385,25,0,0
620.591,25,0,0
620.792,25,0,0
620.995,25,0,0
621.197,23,10,158
621.399,23,0,0
621.600,23,0,0
621.803,23,0,0
622.004,23,0,0
622.206,22,20,158
622.409,22,0,0
622.610,22,0,0
622.811,22,0,0
623.014,22,0,0
623.215,20,20,158
623.417,20,0,0
623.617,20,0,0
623.818,20,0,0
624.020,20,0,0
624.223,23,20,158
624.426,23,0,0
624.627,23,0,0
624.828,23,0,0
625.028,23,0,0
625.230,25,20,158
625.434,25,0,0
625.638,25,0,0
625.843,25,0,0
626.043,25,0,0
626.246,23,20,148
626.449,23,0,0
626.649,23,0,0
626.852,23,0,0
627.056,23,0,0
627.259,23,20,158
627.461,23,0,0
627.667,23,0,0
627.869,23,0,0
628.073,23,0,0
628.277,22,20,158
628.482,22,0,0
628.686,22,0,0
628.886,22,0,0
629.090,22,0,0
629.292,18,20,158
629.496,18,0,0
629.697,18,0,0
629.900,18,0,0
630.103,18,0,0
630.305,18,20,158
630.506,18,0,0
630.707,18,0,0
630.908,18,0,0
631.112,18,0,0
631.315,18,20,158
631.519,18,0,0
631.722,18,0,0
631.924,18,0,0
632.127,18,0,0
632.328,18,20,158
632.531,22,0,0
632.736,22,0,0
632.940,22,0,0
633.140,22,0,0
633.341,22,20,158
633.547,22,0,0
633.750,22,0,0
633.953,22,0,0
634.154,22,0,0
634.356,22,20,158
634.557,22,0,0
634.761,22,0,0
634.963,22,0,0
635.167,22,0,0
635.370,22,20,158
635.575,22,0,0
635.779,22,0,0
635.984,22,0,0
636.186,22,0,0
636.387,22,20,158
636.589,25,0,0
636.794,25,0,0
636.998,25,0,0
637.199,25,0,0
637.401,25,20,158
637.602,25,0,0
637.806,25,0,0
638.011,25,0,0
638.215,25,0,0
638.416,25,20,158
638.619,27,0,0
638.819,27,0,0
639.020,27,0,0
639.220,27,0,0
639.421,27,20,158
639.627,28,0,0
639.828,28,0,0
640.033,28,0,0
640.236,28,0,0
640.439,28,20,158
640.643,30,0,0
640.850,30,0,0
641.051,30,0,0
641.253,30,0,0
641.454,30,20,158
641.660,28,0,0
641.861,28,0,0
642.066,28,0,0
642.267,28,20,158
642.471,28,0,0
642.674,25,0,0
642.875,25,0,0
643.081,25,0,0
643.285,25,20,158
643.489,25,0,0
643.689,25,0,0
643.891,25,0,0
644.095,25,0,0
644.298,25,20,158
644.502,25,0,0
644.703,23,0,0
644.908,23,0,0
645.109,23,0,0
645.313,23,20,158
645.516,23,0,0
645.718,18,0,0
645.918,18,0,0
646.120,18,0,0
646.322,18,20,158
646.526,18,0,0
646.733,20,0,0
646.933,20,0,0
647.137,20,0,0
647.341,20,20,158
647.543,20,0,0
647.746,23,0,0
647.948,23,0,0
648.152,23,0,0
648.353,23,20,158
648.558,23,0,0
648.761,20,0,0
648.961,20,0,0
649.164,20,0,0
649.367,20,20,158
649.570,20,0,0
649.774,22,0,0
649.975,22,0,0
650.176,22,0,0
650.377,22,20,158
650.579,22,0,0
650.780,23,0,0
650.981,23,0,0
651.184,23,0,0
651.385,23,20,158
651.585,23,0,0
651.788,23,0,0
651.992,23,0,0
652.194,23,0,0
652.397,23,20,158
652.601,23,0,0
652.806,20,0,0
653.008,20,0,0
653.210,20,0,0
653.411,20,20,158
653.614,20,0,0
653.818,23,0,0
654.022,23,0,0
654.227,23,0,0
654.429,23,20,158
654.634,23,0,0
654.837,22,0,0
655.039,22,0,0
655.241,22,0,0
655.445,22,20,158
655.648,22,0,0
655.850,22,0,0
656.051,22,0,0
656.255,22,0,0
656.455,22,20,158
656.659,22,0,0
656.862,20,0,0
657.063,20,0,0
657.264,20,0,0
657.465,20,20,158
657.666,20,0,0
657.866,20,0,0
658.071,20,0,0
658.273,20,0,0
658.477,20,20,158
658.677,20,0,0
658.880,18,0,0
659.082,18,0,0
659.282,18,0,0
659.483,18,20,158
659.686,18,0,0
659.888,18,0,0
660.091,18,0,0
660.294,18,0,0
660.496,18,20,158
660.700,18,0,0
660.902,18,0,0
661.108,18,0,0
661.311,18,0,0
661.513,18,20,158
661.717,18,0,0
661.922,20,0,0
662.123,20,0,0
662.326,20,0,0
662.528,20,20,158
662.732,20,0,0
662.936,20,0,0
663.138,20,0,0
663.343,20,0,0
663.545,20,20,158
663.746,20,0,0
663.948,22,0,0
664.150,22,0,0
664.354,22,0,0
664.556,22,20,158
664.760,22,0,0
664.963,22,0,0
665.167,22,0,0
665.369,22,0,0
665.571,22,20,158
665.774,22,0,0
665.976,27,0,0
666.177,27,0,0
666.381,27,20,158
666.582,27,0,0
666.785,27,0,0
666.987,23,0,0
667.192,23,0,0
667.398,23,20,158
667.599,23,0,0
667.800,23,0,0
668.004,25,0,0
668.208,25,0,0
668.412,25,20,158
668.616,25,0,0
668.818,25,0,0
669.019,23,0,0
669.221,23,0,0
669.422,23,20,158
669.627,23,0,0
669.827,23,0,0
670.030,25,0,0
670.235,25,0,0
670.438,25,20,158
670.641,25,0,0
670.845,25,0,0
671.049,18,0,0
671.250,18,0,0
671.454,18,20,158
671.659,18,0,0
671.862,18,0,0
672.069,18,0,0
672.272,22,0,0
672.475,22,20,158
672.679,22,0,0
672.885,22,0,0
673.087,22,0,0
673.289,23,0,0
673.490,23,20,158
673.695,23,0,0
673.901,23,0,0
674.103,22,0,0
674.306,22,0,0
674.509,22,20,158
674.713,22,0,0
674.914,22,0,0
675.116,22,0,0
675.321,25,0,0
675.526,25,20,158
675.729,25,0,0
675.934,25,0,0
676.137,25,0,0
676.337,27,0,0
676.539,27,20,158
676.742,27,0,0
676.946,27,0,0
677.149,27,0,0
677.353,25,0,0
677.555,25,20,158
677.759,25,0,0
677.963,25,0,0
678.166,25,0,0
678.369,22,0,0
678.570,22,20,158
678.775,22,0,0
678.978,22,0,0
679.182,22,0,0
679.386,25,0,0
679.587,25,20,158
679.788,25,0,0
679.991,25,0,0
680.191,25,0,0
680.393,23,0,0
680.596,23,20,158
680.800,23,0,0
681.002,23,0,0
681.205,23,0,0
681.405,27,0,0
681.605,27,20,158
681.809,27,0,0
682.012,27,0,0
682.213,27,0,0
682.415,28,0,0
682.619,28,20,158
682.824,28,0,0
683.025,28,0,0
683.227,28,0,0
683.430,32,0,0
683.631,32,20,158
683.833,32,0,0
684.038,32,0,0
684.242,32,0,0
684.446,35,0,0
684.649,35,20,158
684.850,35,0,0
685.053,35,0,0
685.256,35,0,0
685.457,37,0,0
685.661,37,20,158
685.861,37,0,0
686.065,37,0,0
686.269,37,0,0
686.472,35,0,0
686.672,35,20,158
686.874,35,0,0
687.075,35,0,0
687.278,35,0,0
687.479,35,0,0
687.679,35,20,158
687.881,35,0,0
688.083,35,0,0
688.287,35,0,0
688.490,33,0,0
688.690,33,20,158
688.895,33,0,0
689.098,33,0,0
689.300,33,0,0
689.501,28,20,158
689.701,28,0,0
689.905,28,0,0
690.108,28,0,0
690.310,28,0,0
690.513,23,20,158
690.716,23,0,0
690.921,23,0,0
691.124,23,0,0
691.329,23,0,0
691.530,23,20,158
691.731,23,0,0
691.932,23,0,0
692.134,23,0,0
692.335,23,0,0
692.540,20,20,158
692.741,20,0,0
692.942,20,0,0
693.145,20,0,0
693.349,20,0,0
693.552,20,20,158
693.754,20,0,0
693.959,20,0,0
694.161,20,0,0
694.364,20,0,0
694.566,23,20,158
694.769,23,0,0
694.971,23,0,0
695.172,23,0,0
695.373,23,0,0
695.577,23,20,158
695.778,23,0,0
695.979,23,0,0
696.182,23,0,0
696.384,23,0,0
696.584,25,20,158
696.788,25,0,0
696.992,25,0,0
697.198,25,0,0
697.401,25,0,0
697.602,28,20,158
697.808,28,0,0
698.011,28,0,0
698.211,28,0,0
698.414,28,0,0
698.619,27,20,158
698.822,27,0,0
699.026,27,0,0
699.228,27,0,0
699.431,27,0,0
699.635,23,20,158
699.844,23,0,0
700.044,23,0,0
700.246,23,0,0
700.451,23,0,0
700.655,23,20,158
700.859,23,0,0
701.062,23,0,0
701.268,23,0,0
701.469,23,0,0
701.672,18,10,158
701.873,18,0,0
702.073,18,0,0
702.274,18,0,0
702.478,18,0,0
702.680,13,20,148
702.882,13,0,0
703.086,13,0,0
703.290,13,0,0
703.494,13,0,0
703.701,12,20,158
703.901,12,0,0
704.103,12,0,0
704.304,12,0,0
704.509,12,0,0
704.709,13,20,158
704.912,13,0,0
705.116,13,0,0
705.320,13,0,0
705.525,13,0,0
705.725,15,20,158
705.929,15,0,0
706.132,15,0,0
706.336,15,0,0
706.538,15,0,0
706.742,20,20,158
706.947,20,0,0
707.151,20,0,0
707.352,20,0,0
707.552,20,0,0
707.757,22,20,158
707.958,22,0,0
708.162,22,0,0
708.363,22,0,0
708.564,22,0,0
708.765,23,20,158
708.966,23,0,0
709.166,23,0,0
709.368,23,0,0
709.570,23,0,0
709.775,23,20,158
709.979,23,0,0
710.182,23,0,0
710.384,23,0,0
710.587,23,0,0
710.789,20,20,158
710.992,20,0,0
711.197,20,0,0
711.401,20,0,0
711.603,20,20,158
711.804,18,0,0
712.009,18,0,0
712.210,18,0,0
712.410,18,0,0
712.613,18,20,158
712.817,20,0,0
713.020,20,0,0
713.224,20,0,0
713.426,20,0,0
713.629,20,20,158
713.831,20,0,0
714.031,20,0,0
714.232,20,0,0
714.433,20,0,0
714.635,20,20,158
714.835,20,0,0
715.037,20,0,0
715.239,20,0,0
715.440,20,0,0
715.643,20,20,158
715.867,20,0,0
716.068,23,0,0
716.270,23,0,0
716.475,23,0,0
716.678,23,20,158
716.880,23,0,0
717.083,22,0,0
717.285,22,0,0
717.486,22,0,0
717.690,22,20,158
717.893,22,0,0
718.097,25,0,0
718.304,25,0,0
718.505,25,0,0
718.707,25,20,158
718.908,25,0,0
719.109,25,0,0
719.317,28,0,0
719.519,28,0,0
719.722,28,20,158
719.924,28,0,0
720.128,28,0,0
720.332,28,0,0
720.533,28,0,0
720.735,28,20,158
720.937,28,0,0
721.141,28,0,0
721.347,32,0,0
721.549,32,0,0
721.752,32,20,158
721.956,32,0,0
722.159,32,0,0
722.363,32,0,0
722.572,28,0,0
722.777,28,20,158
723.003,28,0,0
723.218,28,0,0
723.419,28,0,0
723.619,28,0,0
723.822,28,10,148
724.025,28,0,0
724.226,28,0,0
724.452,28,0,0
724.679,28,20,158
724.880,28,0,0
725.096,28,0,0
725.298,28,0,0
725.502,27,0,0
725.709,27,20,158
725.910,27,0,0
726.111,27,0,0
726.316,27,0,0
726.519,27,0,0
726.742,25,20,158
726.952,25,0,0
727.183,25,0,0
727.388,25,0,0
727.591,25,0,0
727.811,25,10,148
728.044,25,0,0
728.249,25,0,0
728.480,25,0,0
728.681,20,0,0
728.884,20,20,158
729.087,20,0,0
729.292,20,0,0
729.497,20,0,0
729.700,20,0,0
729.902,20,10,148
730.109,23,0,0
730.312,23,0,0
730.512,23,0,0
730.717,23,0,0
730.917,23,20,158
731.121,20,0,0
731.321,20,0,0
731.522,20,0,0
731.725,20,0,0
731.928,20,20,158
732.130,22,0,0
732.334,22,0,0
732.535,22,0,0
732.739,22,0,0
732.943,22,20,158
733.150,25,0,0
733.352,25,0,0
733.556,25,0,0
733.759,25,20,158
733.961,25,0,0
734.163,25,0,0
734.364,25,0,0
734.564,25,0,0
734.767,25,20,158
734.968,25,0,0
735.172,27,0,0
735.375,27,0,0
735.576,27,0,0
735.779,27,20,158
735.980,27,0,0
736.184,27,0,0
736.390,27,0,0
736.591,27,0,0
736.795,27,20,158
736.995,27,0,0
737.200,25,0,0
737.404,25,0,0
737.608,25,0,0
737.812,25,20,158
738.014,25,0,0
738.214,22,0,0
738.415,22,0,0
738.615,22,0,0
738.820,22,20,158
739.020,22,0,0
739.222,22,0,0
739.423,22,0,0
739.626,22,0,0
739.829,22,20,158
740.033,22,0,0
740.236,22,0,0
740.437,23,0,0
740.638,23,0,0
740.841,23,20,158
741.046,23,0,0
741.247,23,0,0
741.448,23,0,0
741.652,23,0,0
741.856,23,20,158
742.057,23,0,0
742.262,23,0,0
742.463,27,0,0
742.666,27,0,0
742.869,27,20,158
743.072,27,0,0
743.275,27,0,0
743.477,28,0,0
743.681,28,0,0
743.886,28,20,158
744.089,28,0,0
744.292,28,0,0
744.492,28,0,0
744.697,28,0,0
744.899,28,20,158
745.101,28,0,0
745.302,28,0,0
745.506,25,0,0
745.708,25,0,0
745.911,25,20,158
746.111,25,0,0
746.315,25,0,0
746.518,23,0,0
746.721,23,0,0
746.925,23,20,158
747.126,23,0,0
747.343,23,0,0
747.544,18,0,0
747.750,18,0,0
747.952,18,20,158
748.171,18,0,0
748.375,18,0,0
748.579,18,0,0
748.782,17,0,0
748.985,17,20,158
749.186,17,0,0
749.392,17,0,0
749.594,17,0,0
749.799,17,0,0
750.000,22,10,148
750.204,22,0,0
750.415,22,0,0
750.617,22,0,0
750.844,22,0,0
751.057,22,20,158
751.268,22,0,0
751.478,25,0,0
751.680,25,0,0
751.880,25,20,158
752.101,25,0,0
752.318,25,0,0
752.522,25,0,0
752.726,25,0,0
752.934,27,20,158
753.134,27,0,0
753.336,27,0,0
753.564,27,0,0
753.766,27,0,0
753.971,27,20,148
754.173,27,0,0
754.391,27,0,0
754.593,27,0,0
754.818,27,0,0
755.021,27,20,158
755.221,27,0,0
755.426,28,0,0
755.629,28,0,0
755.829,28,0,0
756.036,28,20,158
756.238,28,0,0
756.468,23,0,0
756.689,23,0,0
756.896,23,0,0
757.097,23,20,158
757.298,23,0,0
757.502,23,0,0
757.706,23,0,0
757.911,23,0,0
758.132,25,10,158
758.365,25,0,0
758.594,25,0,0
758.817,25,0,0
759.021,25,20,148
759.241,25,0,0
759.441,25,0,0
759.645,25,0,0
759.851,27,0,0
760.056,27,20,158
760.261,27,0,0
760.467,27,0,0
760.670,27,0,0
760.874,30,0,0
761.078,30,20,158
761.281,30,0,0
761.486,30,0,0
761.690,30,0,0
761.890,30,0,0
762.094,30,20,158
762.295,30,0,0
762.496,30,0,0
762.702,30,0,0
762.906,32,0,0
763.110,32,20,158
763.314,32,0,0
763.516,32,0,0
763.716,32,0,0
763.917,28,0,0
764.120,28,20,158
764.323,28,0,0
764.525,28,0,0
764.728,28,0,0
764.932,25,0,0
765.136,25,20,158
765.336,25,0,0
765.538,25,0,0
765.738,25,0,0
765.940,22,0,0
766.144,22,20,158
766.349,22,0,0
766.555,22,0,0
766.757,22,0,0
766.960,22,0,0
767.161,20,20,158
767.362,20,0,0
767.562,20,0,0
767.764,20,0,0
767.964,20,0,0
768.164,22,10,158
768.368,22,0,0
768.569,22,0,0
768.771,22,0,0
768.975,22,0,0
769.175,20,30,158
769.375,20,0,0
769.577,20,0,0
769.781,20,0,0
769.982,20,0,0
770.186,20,20,158
770.391,20,0,0
770.595,20,0,0
770.796,20,0,0
770.997,20,0,0
771.199,22,20,158
771.401,22,0,0
771.605,22,0,0
771.809,22,0,0
772.011,22,0,0
772.213,23,10,158
772.414,23,0,0
772.618,23,0,0
772.819,23,0,0
773.021,23,0,0
773.223,20,20,158
773.423,20,0,0
773.624,20,0,0
773.826,20,0,0
774.027,20,0,0
774.228,23,20,158
774.432,23,0,0
774.632,23,0,0
774.834,23,0,0
775.038,23,0,0
775.240,27,20,158
775.441,27,0,0
775.642,27,0,0
775.847,27,0,0
776.049,27,0,0
776.249,25,20,158
776.449,25,0,0
776.652,25,0,0
776.855,25,0,0
777.055,25,0,0
777.258,27,20,158
777.461,27,0,0
777.664,27,0,0
777.867,27,0,0
778.068,27,0,0
778.269,32,20,148
778.470,32,0,0
778.672,32,0,0
778.874,32,0,0
779.075,32,0,0
779.278,32,20,158
779.484,32,0,0
779.684,32,0,0
779.887,32,0,0
780.092,32,20,158
780.294,35,0,0
780.495,35,0,0
780.699,35,0,0
780.904,35,0,0
781.104,35,20,158
781.306,37,0,0
781.508,37,0,0
781.712,37,0,0
781.914,37,0,0
782.114,37,20,158
782.318,35,0,0
782.520,35,0,0
782.724,35,0,0
782.927,35,0,0
783.131,35,20,158
783.332,32,0,0
783.533,32,0,0
783.735,32,0,0
783.939,32,0,0
784.143,32,20,158
784.344,28,0,0
784.550,28,0,0
784.752,28,0,0
784.953,28,0,0
785.159,28,20,158
785.362,23,0,0
785.565,23,0,0
785.766,23,0,0
785.968,23,0,0
786.175,23,20,158
786.377,22,0,0
786.579,22,0,0
786.781,22,0,0
786.982,22,0,0
787.186,22,20,158
787.391,20,0,0
787.596,20,0,0
787.798,20,0,0
787.999,20,0,0
788.201,20,20,158
788.406,23,0,0
788.606,23,0,0
788.809,23,0,0
789.011,23,0,0
789.215,23,20,158
789.416,23,0,0
789.620,25,0,0
789.823,25,0,0
790.024,25,0,0
790.225,25,20,158
790.425,25,0,0
790.629,27,0,0
790.831,27,0,0
791.032,27,0,0
791.236,27,20,158
791.436,27,0,0
791.641,28,0,0
791.841,28,0,0
792.046,28,0,0
792.249,28,20,158
792.453,28,0,0
792.656,28,0,0
792.856,28,0,0
793.059,28,0,0
793.262,28,20,158
793.463,28,0,0
793.667,23,0,0
793.867,23,0,0
794.068,23,0,0
794.273,23,20,158
794.475,23,0,0
794.675,22,0,0
794.876,22,0,0
795.080,22,0,0
795.280,22,20,158
795.483,22,0,0
795.688,18,0,0
795.889,18,0,0
796.093,18,0,0
796.298,18,20,158
796.502,18,0,0
796.707,20,0,0
796.911,20,0,0
797.112,20,0,0
797.312,20,20,158
797.514,20,0,0
797.716,20,0,0
797.917,20,0,0
798.118,20,0,0
798.322,20,20,158
798.523,20,0,0
798.727,22,0,0
798.928,22,0,0
799.128,22,0,0
799.332,22,20,158
799.532,22,0,0
799.734,22,0,0
799.936,22,0,0
800.140,22,0,0
800.342,22,20,158
800.542,22,0,0
800.743,25,0,0
800.944,25,0,0
801.145,25,0,0
801.350,25,20,158
801.552,25,0,0
801.754,22,0,0
801.955,22,0,0
802.159,22,0,0
802.362,22,20,158
802.566,22,0,0
802.769,25,0,0
802.970,25,0,0
803.171,25,0,0
803.373,25,20,158
803.574,25,0,0
803.779,25,0,0
803.980,25,0,0
804.185,25,0,0
804.385,25,20,158
804.587,25,0,0
804.791,25,0,0
804.996,25,0,0
805.211,25,20,158
805.414,25,0,0
805.617,25,0,0
805.818,25,0,0
806.030,23,0,0
806.232,23,20,158
806.440,23,0,0
